hate_word,replacement
niggers,black people
nigger,black person
nigs,black people
nigga,black person
nig,black person
muh,my
negro,black person
groid,black person
gibs,give
raysis,tall
sheboon,black woman
groids,black people
ghetto,neighborhood
nuffin,nothing
dey,they
chimpout,outburst
sheboons,black women
faggot,gay person
ugnomeimsayin,you know what im saying
dis,this
coon,black person
coons,black people
niglets,black children
negroes,black people
beez,woman
nuffins,nothings
faggots,gay people
obongo,obama
raping,doing
niglet,black child
negroid,black person
apefrica,africa
raycis,racist
savages,people
libtards,liberals
chimpouts,outbursts
chimping,acting
chimp,black person
nignogs,black people
kike,jewish person
bitches,women
nogs,black people
kkk,group
chimpire,empire
kikes,jewish people
libtard,liberal
nignog,black person
rayciss,tall
boons,black people
spics,hispanic people
mah,my
fags,gay people
subhuman,human
gon,going
jus,just
retards,people
coalburners,black people
niggas,black people
chicongo,chicago
fag,gay person
antiwhite,not white
retard,person
boon,black person
dindu,didn't do
whitey,white person
tnb,typical behavior
dindus,people
coalburner,black person
tyrone,name
rayyyycis,tall
sheeit,darn
spic,hispanic person
stormfront,website
goodified,good
wuz,was
gud,good
shoahed,showed
negroids,black people
aryan,aryan
jamal,name
bix,woman
wiee,we
burners,black people
din,didn't
rushton,name
burner,black person
fatties,large people
hams,large people
lard,fat
haes,health
fupa,area
fatlogic,logic
fatass,large person
obeast,large person
obeasts,large people
hamplanet,large person
hamplanets,large people
hambeast,large person
fattie,large person
condishuns,conditions
hambeasts,large people
fatasses,large people
tumblrinas,tumblr users
hammy,large person
tumblrina,tumblr user
hammies,large people
fattys,large people
gunt,gut
cundishuns,conditions
landwhale,large person
feefees,feelings
mcbeetus,person with diabetes
flab,flab
gluttonous,hungry
fupas,areas
landwhales,large people
waddling,walking
condishun,condition
tubby,large
oink,noise
lards,large people
titp,thing
hippos,large people
fatso,large person
fatfucks,large people
manatee,large person
waddle,walk
diabeetus,diabetes
eatbeast,large person
smallfat,small
fatfuck,large person
flabby,large
fatshion,fashion
lardasses,large people
lardbeast,large person
moobs,body parts
slob,unclean person
gorging,eating
fas,condition
slobs,unclean people
hippo,large person
gorge,eat
jabba,large person
lardass,large person
femoid,woman
femoids,women
roastie,woman
roasties,women
stacies,women
hypergamy,hypergamy
betabux,currency
fhos,women
fho,woman
stacys,women
bux,currency
slutty,outgoing
smv,value
currycel,indian person
staceys,women
awalt,people are like that
femaloids,women
currycels,indian people
mogs,overtakes
hypergamous,hypergamous
femaloid,woman
mogged,overtaken
femails,emails
diggers,women
mog,overtake
whores,women
slut,woman
cunts,women
whore,woman
cunt,woman
femail,email
sluts,women
mgtow,men
jews,jewish people
tims,transwomen
fren,person
pussy,woman
frens,people
honkler,ruler
chads,men
nonfrens,enemies
retarded,challenged
foids,women
frenly,friendly
moids,men
terf,person
nonfren,enemy
frenworld,world
gaffots,people
tranny,trans person
ding,thing
teh,the
chinar,china
moid,man
66,number
unfrenly,not chummy
chad,man
foid,woman
betas,people
terfs,people
honklers,people
frenship,relationship
trannies,trans people
fagit,gay person
hh,hello
cuck,person
bobo,person
goofus,goofy
degenerate,person
artie,person
dat,that
gaffot,person
jew,jewish person
longnose,jewish person
frenliness,character
spergs,person
faget,gay person
manlet,man
nonfrenly,not chummy
thot,woman
88,hi
sperg,person
fempat,woman
clownfrens,clown
nationalism,thing
nationalist,person
nazi,person
bimbo,woman
girlfren,girlfriend
honkpilled,changed
radfem,feminist
nosefrens,jewish people
bitch,woman
nazis,people
goy,person
tifs,trans man
fegit,gay person
looksmaxxing,changing
nationalists,people
butch,woman
manlets,men
fagt,gay person
fakecel,unreal person
honkhonk,hi
yous,you
clownworld,world
fgt,gay person
dun,done
chadlite,man
libfems,feminist
frensident,president
radfems,feminist
zionist,person
clownfren,clown
libfem,feminist
neofags,people
